video_name,location,upload_date,recorded_at,unique_flying_birds,max_concurrent_birds,duration_seconds,processing_time,total_tracks,frames_processed,first_detection_second,peak_concurrent_second,birds_per_minute,track_noise_ratio,avg_motion_score
C_7152025_1.MP4,A,2026-09-22 17:57,2026-09-07 07:30,130,6,1860.3,2978.5,661,53948,0.3,259.4,"[9, 4, 2, 2, 14, 9, 4, 7, 1, 5, 2, 5, 6, 4, 2, 2, 7, 2, 2, 5, 0, 6, 4, 3, 4, 3, 5, 1, 6, 3, 1, 0]",0.197,3.289999961853028
C_7152025_1 (online-video-cutter.com).mp4,A,2026-09-22 19:26,,8,6,16.3,30.1,15,474,4.7,10.5,[8],0.533,4.650000095367432
E_7222025_2.MP4,A,2026-09-22 21:05,,99,6,1860.3,5005.6,401,53948,7.2,1490.3,"[2, 3, 2, 0, 1, 3, 10, 3, 3, 1, 1, 5, 0, 0, 3, 2, 0, 0, 7, 3, 1, 4, 1, 8, 15, 7, 0, 5, 0, 3, 6, 0]",0.247,2.6700000762939453
C_7152025_1.MP4,A,2026-09-23 03:39,2026-09-22 07:30,130,6,1860.3,3345.7,661,53948,0.3,259.4,"[9, 4, 2, 2, 14, 9, 4, 7, 1, 5, 2, 5, 6, 4, 2, 2, 7, 2, 2, 5, 0, 6, 4, 3, 4, 3, 5, 1, 6, 3, 1, 0]",0.197,3.289999961853028
C_7152025_1 (online-video-cutter.com).mp4,A,2026-09-24 13:54,,8,6,16.3,22.0,15,474,4.7,10.5,[8],0.533,4.650000095367432
GX011298[1].MP4,A,2026-09-28 14:02,,5,2,249.5,547.2,200,7236,40.0,41.4,"[2, 0, 0, 1, 2]",0.025,0.8700000047683716
GX011292 (online-video-cutter.com).mp4,A,2026-10-02 03:55,,28,17,18.1,39.7,42,526,0.3,9.3,[28],0.667,7.360000133514404
GX041299 (online-video-cutter.com).mp4,A,2026-10-06 20:07,,1,1,39.2,91.7,4,1138,24.2,24.2,[1],0.25,1.3200000524520874
GX011299.MP4,A,2026-10-06 20:43,,251,13,3111.7,7355.9,712,90240,21.0,2195.9,"[1, 3, 1, 2, 0, 1, 0, 1, 0, 1, 0, 1, 0, 1, 2, 0, 0, 2, 0, 35, 20, 2, 2, 0, 0, 0, 58, 21, 0, 10, 24, 0, 1, 0, 0, 0, 38, 20, 0, 0, 0, 0, 0, 2, 0, 0, 0, 1, 0, 0, 1, 0]",0.353,1.6399999856948853
trimmed (online-video-cutter.com).mp4,A,2026-10-07 10:50,,1,1,16.2,29.8,2,486,5.1,5.1,[1],0.5,5.800000190734863
GX011292 (online-video-cutter.com).mp4,A,2026-10-07 11:39,,17,9,7.4,51.0,50,214,0.1,6.1,[17],0.34,4.05
C_7152025_1 (online-video-cutter.com).mp4,A,2026-10-09 18:10,,20,8,16.3,89.4,196,474,4.2,9.9,[20],0.102,3.12
